FWER,type,rho,cutoff
0.03731,Algo1 w1,0,0.003125
0.0387,Algo1 w2,0,0.003260334332046814
0.03872,Algo1 w2 prime,0,0.003261991594381815
0.03865,Algo2 w1,0,0.003254716693005771
0.03872,Algo2 w2,0,0.0032619237190272747
0.03872,Algo2 w2 prime,0,0.003262010784166711
0.03767,Algo1 w1,0.01,0.003125
0.03935,Algo1 w2,0.01,0.0032657834891166725
0.03935,Algo1 w2 prime,0.01,0.0032675539707102855
0.03929,Algo2 w1,0.01,0.0032597145041781683
0.03935,Algo2 w2,0.01,0.003267478706392455
0.03935,Algo2 w2 prime,0.01,0.0032675749772886845
0.03743,Algo1 w1,0.02,0.003125
0.03919,Algo1 w2,0.02,0.003271400653828591
0.0392,Algo1 w2 prime,0.02,0.0032732907789984425
0.0391,Algo2 w1,0.02,0.003264848979573603
0.0392,Algo2 w2,0.02,0.0032732074137858803
0.0392,Algo2 w2 prime,0.02,0.0032733137490998736
0.03707,Algo1 w1,0.03,0.003125
0.03877,Algo1 w2,0.03,0.0032771901593450065
0.03882,Algo1 w2 prime,0.03,0.0032792066549801697
0.0387,Algo2 w1,0.03,0.0032701225668418945
0.03881,Algo2 w2,0.03,0.003279114416520211
0.03882,Algo2 w2 prime,0.03,0.003279231745217579
0.03743,Algo1 w1,0.04,0.003125
0.03912,Algo1 w2,0.04,0.003283156480132636
0.03914,Algo1 w2 prime,0.04,0.0032853063884218823
0.03903,Algo2 w1,0.04,0.0032755377533496425
0.03914,Algo2 w2,0.04,0.003285204439399976
0.03914,Algo2 w2 prime,0.04,0.0032853337658363653
0.03704,Algo1 w1,0.05,0.003125
0.03895,Algo1 w2,0.05,0.0032893042389405777
0.03898,Algo1 w2 prime,0.05,0.0032915949306982083
0.03883,Algo2 w1,0.05,0.0032810970677661236
0.03898,Algo2 w2,0.05,0.0032914823639856325
0.03898,Algo2 w2 prime,0.05,0.0032916247733288393
0.0362,Algo1 w1,0.06,0.003125
0.03823,Algo1 w2,0.06,0.0032956382141740804
0.03823,Algo1 w2 prime,0.06,0.003298077402800243
0.03811,Algo2 w1,0.06,0.003286803081721953
0.03823,Algo2 w2,0.06,0.0032979532362690835
0.03823,Algo2 w2 prime,0.06,0.0032981099002801486
0.03605,Algo1 w1,0.07,0.003125
0.03776,Algo1 w2,0.07,0.00330216334770278
0.03778,Algo1 w2 prime,0.07,0.0033047591038143616
0.03771,Algo2 w1,0.07,0.00329265841155506
0.03778,Algo2 w2,0.07,0.00330462227479703
0.03778,Algo2 w2 prime,0.07,0.0033047944579942187
0.03645,Algo1 w1,0.08,0.003125
0.03823,Algo1 w2,0.08,0.0033088847530922207
0.03824,Algo1 w2 prime,0.08,0.0033116455198924414
0.03818,Algo2 w1,0.08,0.003298665720111943
0.03824,Algo2 w2,0.08,0.003311494879261414
0.03824,Algo2 w2 prime,0.08,0.003311683945493095
0.03625,Algo1 w1,0.09,0.003125
0.03816,Algo1 w2,0.09,0.003315807724367369
0.03817,Algo1 w2 prime,0.09,0.0033187423337325233
0.03802,Algo2 w1,0.09,0.003304827718678046
0.03817,Algo2 w2,0.09,0.0033185766395740918
0.03817,Algo2 w2 prime,0.09,0.0033187840590271044
0.03572,Algo1 w1,0.1,0.003125
0.03771,Algo1 w2,0.1,0.0033229377452528457
0.03773,Algo1 w2 prime,0.1,0.003326055434677521
0.03762,Algo2 w1,0.1,0.0033111471689618054
0.03773,Algo2 w2,0.1,0.003325873345531091
0.03773,Algo2 w2 prime,0.1,0.0033261007022059533
0.03501,Algo1 w1,0.11,0.003125
0.03719,Algo1 w2,0.11,0.0033302805001809333
0.03723,Algo1 w2 prime,0.11,0.0033335909295783023
0.03699,Algo2 w1,0.11,0.0033176268862429347
0.03723,Algo2 w2,0.11,0.0033333909972083557
0.03723,Algo2 w2 prime,0.11,0.003333639996879232
0.03523,Algo1 w1,0.12,0.003125
0.03748,Algo1 w2,0.12,0.003337841880014461
0.03748,Algo1 w2 prime,0.12,0.0033413551533259304
0.03734,Algo2 w1,0.12,0.003324269737439542
0.03748,Algo2 w2,0.12,0.00334113581500658
0.03748,Algo2 w2 prime,0.12,0.003341408293764341
0.03453,Algo1 w1,0.13,0.003125
0.0369,Algo1 w2,0.13,0.003345628000042439
0.03691,Algo1 w2 prime,0.13,0.003349354682069897
0.03676,Algo2 w1,0.13,0.0033310786495461763
0.03691,Algo2 w2,0.13,0.003349114252321288
0.03691,Algo2 w2 prime,0.13,0.0033494121856120725
0.03355,Algo1 w1,0.14,0.003125
0.0359,Algo1 w2,0.14,0.003353645207082474
0.03592,Algo1 w2 prime,0.14,0.0033575963452296595
0.03577,Algo2 w1,0.14,0.0033380566079631094
0.03592,Algo2 w2,0.14,0.00335733300699275
0.03592,Algo2 w2 prime,0.14,0.003357658519316595
0.03372,Algo1 w1,0.15,0.003125
0.03599,Algo1 w2,0.15,0.003361900093454698
0.03603,Algo1 w2 prime,0.15,0.0033660872393221574
0.03585,Algo2 w1,0.15,0.003345206660360684
0.03603,Algo2 w2,0.15,0.0033657990345171153
0.03603,Algo2 w2 prime,0.15,0.0033661544097638926
0.03323,Algo1 w1,0.16,0.003125
0.03585,Algo1 w2,0.16,0.003370399509232641
0.03588,Algo1 w2 prime,0.16,0.003374834742294368
0.03567,Algo2 w1,0.16,0.0033525319184717663
0.03588,Algo2 w2,0.16,0.0033745195617241736
0.03588,Algo2 w2 prime,0.16,0.0033749072542223688
0.03306,Algo1 w1,0.17,0.003125
0.03579,Algo1 w2,0.17,0.0033791505777750574
0.03585,Algo1 w2 prime,0.17,0.003383846529140542
0.03561,Algo2 w1,0.17,0.003360035562123424
0.03583,Algo2 w2,0.17,0.0033835021016837405
0.03585,Algo2 w2 prime,0.17,0.0033839247479854544
0.03311,Algo1 w1,0.18,0.003125
0.03571,Algo1 w2,0.18,0.0033881607098816785
0.03576,Algo1 w2 prime,0.18,0.003393130588196955
0.03549,Algo2 w1,0.18,0.0033677208414234173
0.03575,Algo2 w2,0.18,0.0033927544692437953
0.03576,Algo2 w2 prime,0.18,0.003393214900727406
0.03235,Algo1 w1,0.19,0.003125
0.03512,Algo1 w2,0.19,0.003397437620069547
0.03516,Algo1 w2 prime,0.19,0.0034026952386965095
0.03487,Algo2 w1,0.19,0.003375591080079906
0.03515,Algo2 w2,0.19,0.0034022847977677817
0.03516,Algo2 w2 prime,0.19,0.0034027860541056706
0.0327,Algo1 w1,0.2,0.003125
0.03527,Algo1 w2,0.2,0.0034069893437045536
0.0353,Algo1 w2 prime,0.2,0.0034125491494729513
0.03504,Algo2 w1,0.2,0.003383649678698011
0.0353,Algo2 w2,0.2,0.00341210155695989
0.0353,Algo2 w2 prime,0.2,0.003412646900519051
0.0313,Algo1 w1,0.21,0.003125
0.03354,Algo1 w2,0.21,0.003416824255296791
0.03355,Algo1 w2 prime,0.21,0.003422701358943105
0.03336,Algo2 w1,0.21,0.0033919001182571087
0.03355,Algo2 w2,0.21,0.0034222135719006648
0.03355,Algo2 w2 prime,0.21,0.0034228065031471533
0.03232,Algo1 w1,0.22,0.003125
0.03512,Algo1 w2,0.22,0.003426951088054968
0.0352,Algo1 w2 prime,0.22,0.003433161296472088
0.03487,Algo2 w1,0.22,0.003400345963781272
0.03519,Algo2 w2,0.22,0.0034326300433918256
0.0352,Algo2 w2 prime,0.22,0.00343327431737634
0.03161,Algo1 w1,0.23,0.003125
0.03434,Algo1 w2,0.23,0.003437378954804232
0.03436,Algo1 w2 prime,0.23,0.0034439388052365737
0.03412,Algo2 w1,0.23,0.0034089908682162803
0.03436,Algo2 w2,0.23,0.0034433605697187673
0.03436,Algo2 w2 prime,0.23,0.003444060213727511
0.03199,Algo1 w1,0.24,0.003125
0.03518,Algo1 w2,0.24,0.003448117370381864
0.03522,Algo1 w2 prime,0.24,0.0034550441667122395
0.03494,Algo2 w1,0.24,0.0034178385765277763
0.03522,Algo2 w2,0.24,0.0034544151699495576
0.03522,Algo2 w2 prime,0.24,0.0034551745024122243
0.03044,Algo1 w1,0.25,0.003125
0.03312,Algo1 w2,0.25,0.003459176273028237
0.03319,Algo1 w2 prime,0.25,0.003466488126869074
0.03281,Algo2 w1,0.25,0.0034268929279076712
0.03318,Algo2 w2,0.25,0.0034658043134989237
0.03319,Algo2 w2 prime,0.25,0.0034666279597530976
0.03131,Algo1 w1,0.26,0.003125
0.03443,Algo1 w2,0.26,0.0034705660604297107
0.03448,Algo1 w2 prime,0.26,0.0034782819245534322
0.03416,Algo2 w1,0.26,0.0034361578687855713
0.03447,Algo2 w2,0.26,0.0034775389288490785
0.03448,Algo2 w2 prime,0.26,0.0034784318560487763
0.02992,Algo1 w1,0.27,0.003125
0.03298,Algo1 w2,0.27,0.0034822976023078977
0.0331,Algo1 w2 prime,0.27,0.0034904373270546623
0.03264,Algo2 w1,0.27,0.003445637445367157
0.03308,Algo2 w2,0.27,0.0034896304589032445
0.0331,Algo2 w2 prime,0.27,0.003490597992150993
0.03005,Algo1 w1,0.28,0.003125
0.03318,Algo1 w2,0.28,0.003494382279324948
0.03323,Algo1 w2 prime,0.28,0.0035029666407134577
0.0329,Algo2 w1,0.28,0.0034553358163530567
0.03323,Algo2 w2,0.28,0.0035020908744279843
0.03324,Algo2 w2 prime,0.28,0.0035031387093850544
0.03033,Algo1 w1,0.29,0.003125
0.03391,Algo1 w2,0.29,0.003506832013779644
0.03399,Algo1 w2 prime,0.29,0.0035158827784275547
0.03355,Algo2 w1,0.29,0.0034652572573686917
0.03399,Algo2 w2,0.29,0.0035149327115823956
0.034,Algo2 w2 prime,0.29,0.0035160669575899474
0.02887,Algo1 w1,0.3,0.003125
0.0319,Algo1 w2,0.3,0.003519659303194627
0.03201,Algo1 w2 prime,0.3,0.0035291992760159187
0.03164,Algo2 w1,0.3,0.003475406166120622
0.03201,Algo2 w2,0.3,0.0035281691076738306
0.03201,Algo2 w2 prime,0.3,0.0035293963113905502
0.0294,Algo1 w1,0.31,0.003125
0.03303,Algo1 w2,0.31,0.003532877257593055
0.0331,Algo1 w2 prime,0.31,0.0035429303381005386
0.03266,Algo2 w1,0.31,0.0034857870687380436
0.0331,Algo2 w2,0.31,0.0035418138397194225
0.03311,Algo2 w2 prime,0.31,0.0035431410162357563
0.02874,Algo1 w1,0.32,0.003125
0.03206,Algo1 w2,0.32,0.003546499639478346
0.03213,Algo1 w2 prime,0.32,0.0035570908819449504
0.03169,Algo2 w1,0.32,0.003496404626327151
0.03213,Algo2 w2,0.32,0.0035558813663595142
0.03213,Algo2 w2 prime,0.32,0.003557316032362469
0.02815,Algo1 w1,0.33,0.003125
0.03172,Algo1 w2,0.33,0.0035605409070725382
0.03182,Algo1 w2 prime,0.33,0.0035716965852603177
0.03126,Algo2 w1,0.33,0.00350726364199274
0.03181,Algo2 w2,0.33,0.0035703868714717308
0.03183,Algo2 w2 prime,0.33,0.003571937082696431
0.02897,Algo1 w1,0.34,0.003125
0.03247,Algo1 w2,0.34,0.0035750162610006632
0.03251,Algo1 w2 prime,0.34,0.0035867639359855722
0.03192,Algo2 w1,0.34,0.0035183690682664033
0.03251,Algo2 w2,0.34,0.00358534631470778
0.03251,Algo2 w2 prime,0.34,0.0035870207028125115
0.02787,Algo1 w1,0.35000000000000003,0.003125
0.03158,Algo1 w2,0.35000000000000003,0.0035899416949215952
0.03165,Algo1 w2 prime,0.35000000000000003,0.0036023102899744577
0.03109,Algo2 w1,0.35000000000000003,0.0035297260151008433
0.03165,Algo2 w2,0.35000000000000003,0.003600776473429984
0.03165,Algo2 w2 prime,0.35000000000000003,0.0036025842985042615
0.02722,Algo1 w1,0.36,0.003125
0.0311,Algo1 w2,0.36,0.00360533405031616
0.03123,Algo1 w2 prime,0.36,0.0036183539297990662
0.0306,Algo2 w1,0.36,0.0035413397583384455
0.03122,Algo2 w2,0.36,0.0036166950367583356
0.03123,Algo2 w2 prime,0.36,0.003618646205674449
0.02709,Algo1 w1,0.37,0.003125
0.03076,Algo1 w2,0.37,0.0036212110760073944
0.03087,Algo1 w2 prime,0.37,0.0036349141186555003
0.03021,Algo2 w1,0.37,0.0035532157488131853
0.03085,Algo2 w2,0.37,0.003633120613290644
0.03087,Algo2 w2 prime,0.37,0.0036352257428748196
0.0266,Algo1 w1,0.38,0.003125
0.03069,Algo1 w2,0.38,0.0036375914928048463
0.03077,Algo1 w2 prime,0.38,0.0036520112176700284
0.0302,Algo2 w1,0.38,0.0035653596220696026
0.03076,Algo2 w2,0.38,0.0036500728337539885
0.03077,Algo2 w2 prime,0.38,0.0036523433303854835
0.02592,Algo1 w1,0.39,0.003125
0.0297,Algo1 w2,0.39,0.003654495063848124
0.02985,Algo1 w2 prime,0.39,0.0036696666951466935
0.0291,Algo2 w1,0.39,0.0035777772087843634
0.02985,Algo2 w2,0.39,0.003667572415390403
0.02986,Algo2 w2 prime,0.39,0.0036700204984188222
0.02649,Algo1 w1,0.4,0.003125
0.03081,Algo1 w2,0.4,0.003671942671234086
0.0309,Algo1 w2 prime,0.4,0.0036879032553954164
0.03008,Algo2 w1,0.4,0.003590474545938944
0.03088,Algo2 w2,0.4,0.003685641241579171
0.0309,Algo2 w2 prime,0.4,0.0036882800168302568
0.02536,Algo1 w1,0.41000000000000003,0.003125
0.02917,Algo1 w2,0.41000000000000003,0.003689956399624967
0.02927,Algo1 w2 prime,0.41000000000000003,0.003706744919750063
0.02861,Algo2 w1,0.41000000000000003,0.003603457888826941
0.02922,Algo2 w2,0.41000000000000003,0.003704302448688873
0.02927,Algo2 w2 prime,0.41000000000000003,0.0037071459762092122
0.02547,Algo1 w1,0.42,0.003125
0.02982,Algo1 w2,0.42,0.0037085596260074986
0.02997,Algo1 w2 prime,0.42,0.003726217127067923
0.02918,Algo2 w1,0.42,0.003616733722840714
0.02992,Algo2 w2,0.42,0.003723580520955007
0.02999,Algo2 w2 prime,0.42,0.003726643888679481
0.02464,Algo1 w1,0.43,0.003125
0.02907,Algo1 w2,0.43,0.0037277771257794787
0.02918,Algo1 w2 prime,0.43,0.0037463468438611465
0.0285,Algo2 w1,0.43,0.0036303087817493897
0.02917,Algo2 w2,0.43,0.0037435013943581423
0.02918,Algo2 w2 prime,0.43,0.0037468007981369643
0.02518,Algo1 w1,0.44,0.003125
0.0293,Algo1 w2,0.44,0.00374763517316712
0.02938,Algo1 w2 prime,0.44,0.0037671626846600037
0.02862,Algo2 w1,0.44,0.003644190056192933
0.02935,Algo2 w2,0.44,0.003764092570188542
0.02938,Algo2 w2 prime,0.44,0.0037676454011694436
0.02435,Algo1 w1,0.45,0.003125
0.02906,Algo1 w2,0.45,0.0037681616673380302
0.02923,Algo1 w2 prime,0.45,0.0037886950445548124
0.02833,Algo2 w1,0.45,0.003658384814099868
0.02918,Algo2 w2,0.45,0.003785383239946269
0.02923,Algo2 w2 prime,0.45,0.003789208179767092
0.0245,Algo1 w1,0.46,0.003125
0.02909,Algo1 w2,0.46,0.0037893862630256846
0.02917,Algo1 w2 prime,0.46,0.003810976244731942
0.02807,Algo2 w1,0.46,0.003672900617103491
0.02917,Algo2 w2,0.46,0.0038074044224653556
0.02917,Algo2 w2 prime,0.46,0.0038115215472629208
0.02382,Algo1 w1,0.47000000000000003,0.003125
0.02847,Algo1 w2,0.47000000000000003,0.0038113405159754784
0.02863,Algo1 w2 prime,0.47000000000000003,0.003834040692824773
0.02767,Algo2 w1,0.47000000000000003,0.0036877453394503178
0.0286,Algo2 w2,0.47000000000000003,0.0038301891149108993
0.02863,Algo2 w2 prime,0.47000000000000003,0.003834620009082959
0.02361,Algo1 w1,0.48,0.003125
0.02869,Algo1 w2,0.48,0.003834058043362893
0.02884,Algo1 w2 prime,0.48,0.0038579250598454336
0.02787,Algo2 w1,0.48,0.0037029271884902225
0.0288,Algo2 w2,0.48,0.003853772459305164
0.02884,Algo2 w2 prime,0.48,0.0038585403401167704
0.02438,Algo1 w1,0.49,0.003125
0.02908,Algo1 w2,0.49,0.003857574701056242
0.02922,Algo1 w2 prime,0.49,0.0038826684757647836
0.02827,Algo2 w1,0.49,0.0037184547269230907
0.02918,Algo2 w2,0.49,0.0038781919265089546
0.02922,Algo2 w2 prime,0.49,0.003883321780780027
0.02269,Algo1 w1,0.5,0.003125
0.02771,Algo1 w2,0.5,0.0038819287798533405
0.02791,Algo1 w2 prime,0.5,0.003908312746106248
0.0267,Algo2 w1,0.5,0.0037343368969873407
0.02784,Algo2 w2,0.5,0.003903487519868595
0.02791,Algo2 w2 prime,0.5,0.003909006254140439
0.02311,Algo1 w1,0.51,0.003125
0.02848,Algo1 w2,0.51,0.003907161223145045
0.0287,Algo1 w2 prime,0.51,0.0039349025922867245
0.02745,Algo2 w1,0.51,0.0037505830468036786
0.02865,Algo2 w2,0.51,0.003929702001061549
0.02871,Algo2 w2 prime,0.51,0.003935638606846157
0.02245,Algo1 w1,0.52,0.003125
0.02758,Algo1 w2,0.52,0.003933315868722079
0.02771,Algo1 w2 prime,0.52,0.003962485918828873
0.02661,Algo2 w1,0.52,0.0037672029590461497
0.02769,Algo2 w2,0.52,0.003956881141072035
0.02771,Algo2 w2 prime,0.52,0.003963266876991911
0.0215,Algo1 w1,0.53,0.003125
0.02694,Algo1 w2,0.53,0.0039604397186383455
0.02706,Algo1 w2 prime,0.53,0.003991114111104291
0.02582,Algo2 w1,0.53,0.003784206882624246
0.02704,Algo2 w2,0.53,0.003985073999676225
0.02707,Algo2 w2 prime,0.53,0.003991942592569118
0.02117,Algo1 w1,0.54,0.003125
0.02622,Algo1 w2,0.54,0.003988583239313226
0.02652,Algo1 w2 prime,0.54,0.004020842367758274
0.02526,Algo2 w1,0.54,0.003801605566671966
0.02646,Algo2 w2,0.54,0.004014333237325304
0.02652,Algo2 w2 prime,0.54,0.004021721104712002
0.02118,Algo1 w1,0.55,0.003125
0.0268,Algo1 w2,0.55,0.004017800702406757
0.02703,Algo1 w2 prime,0.55,0.004051730072917029
0.02545,Algo2 w1,0.55,0.003819410300976312
0.02699,Algo2 w2,0.55,0.004044715464104731
0.02703,Algo2 w2 prime,0.55,0.004052661960646704
0.02148,Algo1 w1,0.56,0.003125
0.02716,Algo1 w2,0.56,0.004048150546195458
0.02746,Algo1 w2 prime,0.56,0.004083841213005611
0.02587,Algo2 w1,0.56,0.0038376329477968767
0.02741,Algo2 w2,0.56,0.004076281630518778
0.02747,Algo2 w2 prime,0.56,0.004084829322041563
0.02077,Algo1 w1,0.5700000000000001,0.003125
0.02675,Algo1 w2,0.5700000000000001,0.004079695822886124
0.02696,Algo1 w2 prime,0.5700000000000001,0.004117244846902044
0.02531,Algo2 w1,0.5700000000000001,0.003856286001711901
0.02691,Algo2 w2,0.5700000000000001,0.004109097467596062
0.02696,Algo2 w2 prime,0.5700000000000001,0.004118292435492008
0.0208,Algo1 w1,0.58,0.003125
0.02606,Algo1 w2,0.58,0.004112504661363793
0.0263,Algo1 w2 prime,0.58,0.004152015634593625
0.02489,Algo2 w1,0.58,0.00387538263074904
0.02626,Algo2 w2,0.58,0.004143233981903434
0.02631,Algo2 w2 prime,0.58,0.004153126162935565
0.01967,Algo1 w1,0.59,0.003125
0.02545,Algo1 w2,0.59,0.004146650811030578
0.02568,Algo1 w2 prime,0.59,0.00418823443553855
0.02399,Algo2 w1,0.59,0.003894936734479235
0.02562,Algo2 w2,0.59,0.004178768015085382
0.02569,Algo2 w2 prime,0.59,0.004189411581284795
0.02025,Algo1 w1,0.6,0.003125
0.02601,Algo1 w2,0.6,0.004182214253867102
0.02623,Algo1 w2 prime,0.6,0.004225988986874044
0.02453,Algo2 w1,0.6,0.003914963005907654
0.02621,Algo2 w2,0.6,0.004215782878751352
0.02623,Algo2 w2 prime,0.6,0.004227236662245842
0.01961,Algo1 w1,0.61,0.003125
0.02553,Algo1 w2,0.61,0.004219281900083937
0.02584,Algo1 w2 prime,0.61,0.004265374674559324
0.02411,Algo2 w1,0.61,0.003935477000291039
0.02575,Algo2 w2,0.61,0.004254369073873606
0.02585,Algo2 w2 prime,0.61,0.004266697045207278
0.01927,Algo1 w1,0.62,0.003125
0.02508,Algo1 w2,0.62,0.0042579483812221364
0.02537,Algo1 w2 prime,0.62,0.004306495412902343
0.02378,Algo2 w1,0.62,0.003956495211856696
0.0253,Algo2 w2,0.62,0.004294625112880794
0.02539,Algo2 w2 prime,0.62,0.004307896918820938
0.01875,Algo1 w1,0.63,0.003125
0.02474,Algo1 w2,0.63,0.004298316957291378
0.02492,Algo1 w2 prime,0.63,0.004349464650692589
0.02302,Algo2 w1,0.63,0.003978035159567689
0.02489,Algo2 w2,0.63,0.004336658458707473
0.02492,Algo2 w2 prime,0.63,0.004350950029431656
0.01769,Algo1 w1,0.64,0.003125
0.02427,Algo1 w2,0.64,0.00434050055788126
0.02449,Algo1 w2 prime,0.64,0.004394406527779437
0.02263,Algo2 w1,0.64,0.004000115483278058
0.0244,Algo2 w2,0.64,0.004380586602517447
0.02449,Algo2 w2 prime,0.64,0.0043959808402861955
0.01831,Algo1 w1,0.65,0.003125
0.02485,Algo1 w2,0.65,0.004384622981328484
0.02515,Algo1 w2 prime,0.65,0.004441457204993386
0.02311,Algo2 w1,0.65,0.004022756051868992
0.0251,Algo2 w2,0.65,0.004426538304767028
0.02517,Algo2 w2 prime,0.65,0.004443125864458529
0.01755,Algo1 w1,0.66,0.003125
0.0241,Algo1 w2,0.66,0.004430820281156983
0.02439,Algo1 w2 prime,0.66,0.004490766405243418
0.02179,Algo2 w1,0.66,0.0040459780852474606
0.02432,Algo2 w2,0.66,0.004474655029768218
0.0244,Algo2 w2 prime,0.66,0.004492535209403644
0.01785,Algo1 w1,0.67,0.003125
0.02409,Algo1 w2,0.67,0.004479242375446606
0.02453,Algo1 w2 prime,0.67,0.0045424992017132374
0.02222,Algo2 w1,0.67,0.004069804292455527
0.02439,Algo2 w2,0.67,0.004525092610529394
0.02453,Algo2 w2 prime,0.67,0.004544374369134387
0.01716,Algo1 w1,0.68,0.003125
0.02405,Algo1 w2,0.68,0.00453005492286407
0.02438,Algo1 w2 prime,0.68,0.004596838103517027
0.02184,Algo2 w1,0.68,0.004094259028580209
0.02431,Algo2 w2,0.68,0.004578023188987904
0.02438,Algo2 w2 prime,0.68,0.004598826314484007
0.01709,Algo1 w1,0.6900000000000001,0.003125
0.0238,Algo1 w2,0.6900000000000001,0.004583441519311624
0.02411,Algo1 w2 prime,0.6900000000000001,0.0046539854988376355
0.02168,Algo2 w1,0.6900000000000001,0.0041193684736995015
0.02408,Algo2 w2,0.6900000000000001,0.0046336374872809165
0.02412,Algo2 w2 prime,0.6900000000000001,0.004656093941597001
0.01635,Algo1 w1,0.7000000000000001,0.003125
0.02374,Algo1 w2,0.7000000000000001,0.004639606282204172
0.02404,Algo1 w2 prime,0.7000000000000001,0.004714166564872165
0.02143,Algo2 w1,0.7000000000000001,0.0041451608377940695
0.02394,Algo2 w2,0.7000000000000001,0.004692147479116653
0.02405,Algo2 w2 prime,0.7000000000000001,0.004716402987764718
0.01647,Algo1 w1,0.71,0.003125
0.02389,Algo1 w2,0.71,0.0046987769060688606
0.02427,Algo1 w2 prime,0.71,0.004777632532369003
0.02132,Algo2 w1,0.71,0.004171666596388757
0.0241,Algo2 w2,0.71,0.004753789532679853
0.02428,Algo2 w2 prime,0.71,0.004780005304043786
0.01583,Algo1 w1,0.72,0.003125
0.02271,Algo1 w2,0.72,0.004761208294827115
0.02317,Algo1 w2 prime,0.72,0.004844664934108143
0.0205,Algo2 w1,0.72,0.004198918762783387
0.02302,Algo2 w2,0.72,0.004818828221400772
0.02317,Algo2 w2 prime,0.72,0.004847183112790021
0.01521,Algo1 w1,0.73,0.003125
0.02263,Algo1 w2,0.73,0.0048271869042928895
0.02304,Algo1 w2 prime,0.73,0.0049155803082102136
0.02016,Algo2 w1,0.73,0.004226953204087606
0.02294,Algo2 w2,0.73,0.004887560723977297
0.02306,Algo2 w2 prime,0.73,0.004918253718896893
0.01514,Algo1 w1,0.74,0.003125
0.02275,Algo1 w2,0.74,0.004897035965514208
0.02315,Algo1 w2 prime,0.74,0.004990736053184985
0.01986,Algo2 w1,0.74,0.004255809010027442
0.02304,Algo2 w2,0.74,0.004960322273366291
0.02316,Algo2 w2 prime,0.74,0.0049935753790367144
0.01558,Algo1 w1,0.75,0.003125
0.02324,Algo1 w2,0.75,0.004971121808822677
0.02364,Algo1 w2 prime,0.75,0.005070537479285862
0.02036,Algo2 w1,0.75,0.004285528925751104
0.02355,Algo2 w2,0.75,0.005037492671127024
0.02364,Algo2 w2 prime,0.75,0.005073554367018285
0.01469,Algo1 w1,0.76,0.003125
0.02277,Algo1 w2,0.76,0.005049861574424335
0.02314,Algo1 w2 prime,0.76,0.005155446409443903
0.0197,Algo2 w1,0.76,0.0043161598627853
0.02304,Algo2 w2,0.76,0.005119504267802735
0.02316,Algo2 w2 prime,0.76,0.005158653593341621
0.01415,Algo1 w1,0.77,0.003125
0.02221,Algo1 w2,0.77,0.005133732684960557
0.02268,Algo1 w2 prime,0.77,0.0052459917497852
0.01919,Algo2 w1,0.77,0.004347753506214157
0.02249,Algo2 w2,0.77,0.005206851693927391
0.0227,Algo2 w2 prime,0.77,0.005249403195232183
0.01295,Algo1 w1,0.78,0.003125
0.02145,Algo1 w2,0.78,0.005223284577891216
0.02201,Algo1 w2 prime,0.78,0.0053427825871762155
0.01801,Algo2 w1,0.78,0.004380367041203286
0.02183,Algo2 w2,0.78,0.005300103889792452
0.02202,Algo2 w2 prime,0.78,0.00534641377768689
0.01253,Algo1 w1,0.79,0.003125
0.02108,Algo1 w2,0.79,0.005319153366185646
0.02157,Algo1 w2 prime,0.79,0.005446524689384284
0.01738,Algo2 w1,0.79,0.004414064029046241
0.02143,Algo2 w2,0.79,0.005399919432558143
0.02159,Algo2 w2 prime,0.79,0.005450392350049477
0.01258,Algo1 w1,0.8,0.003125
0.02073,Algo1 w2,0.8,0.005422080334821794
0.02127,Algo1 w2 prime,0.8,0.005558040664908148
0.01716,Algo2 w1,0.8,0.004448915472114456
0.02104,Algo2 w2,0.8,0.005507065418363466
0.02128,Algo2 w2 prime,0.8,0.0055621637323036675
0.01199,Algo1 w1,0.81,0.003125
0.02083,Algo1 w2,0.81,0.0055329355234568995
0.02144,Algo1 w2 prime,0.81,0.005678297067766511
0.01704,Algo2 w1,0.81,0.004485001120363937
0.02124,Algo2 w2,0.81,0.005622441802581431
0.02145,Algo2 w2 prime,0.81,0.005682696493932236
0.01224,Algo1 w1,0.8200000000000001,0.003125
0.02124,Algo1 w2,0.8200000000000001,0.005652748139083181
0.02167,Algo1 w2 prime,0.8200000000000001,0.005808437905418421
0.01728,Algo2 w1,0.8200000000000001,0.004522411089310644
0.02148,Algo2 w2,0.8200000000000001,0.005747112714772987
0.0217,Algo2 w2 prime,0.8200000000000001,0.0058131371359658535
0.0122,Algo1 w1,0.8300000000000001,0.003125
0.02124,Algo1 w2,0.8300000000000001,0.005782746290818442
0.02183,Algo1 w2 prime,0.8300000000000001,0.005949829187566761
0.01726,Algo2 w1,0.8300000000000001,0.0045612478900370615
0.02155,Algo2 w2,0.8300000000000001,0.005882347342698087
0.02184,Algo2 w2 prime,0.8300000000000001,0.0059548545979634816
0.01129,Algo1 w1,0.84,0.003125
0.02095,Algo1 w2,0.84,0.005924409597863205
0.02149,Algo1 w2 prime,0.84,0.006104117786759454
0.0163,Algo2 w1,0.84,0.004601628995482988
0.02127,Algo2 w2,0.84,0.006029674059661127
0.0215,Algo2 w2 prime,0.84,0.006109499166985897
0.01114,Algo1 w1,0.85,0.003125
0.02032,Algo1 w2,0.85,0.006079539991186084
0.02088,Algo1 w2 prime,0.85,0.006273310585995202
0.01576,Algo2 w1,0.85,0.004643690145281077
0.02063,Algo2 w2,0.85,0.006190953209107053
0.02091,Algo2 w2 prime,0.85,0.006279082050018003
0.01028,Algo1 w1,0.86,0.003125
0.01996,Algo1 w2,0.86,0.006250358631177782
0.02057,Algo1 w2 prime,0.86,0.006459883177784465
0.01514,Algo2 w1,0.86,0.0046875896526500874
0.02028,Algo2 w2,0.86,0.006368476928334274
0.02058,Algo2 w2 prime,0.86,0.006466083693817953
0.01057,Algo1 w1,0.87,0.003125
0.02016,Algo1 w2,0.87,0.006439641089376658
0.02085,Algo1 w2 prime,0.87,0.006666930948815356
0.01528,Algo2 w1,0.87,0.004733514086505512
0.02052,Algo2 w2,0.87,0.006565107197220136
0.02087,Algo2 w2 prime,0.87,0.006673605468262339
0.00963,Algo1 w1,0.88,0.003125
0.01962,Algo1 w2,0.88,0.006650911243667126
0.02019,Algo1 w2 prime,0.88,0.006898385386169663
0.01439,Algo2 w1,0.88,0.004781686164163046
0.01992,Algo2 w2,0.88,0.006784475482818449
0.02021,Algo2 w2 prime,0.88,0.006905587284900322
0.00938,Algo1 w1,0.89,0.003125
0.01987,Algo1 w2,0.89,0.006888722895085713
0.02086,Algo1 w2 prime,0.89,0.007159331761450655
0.0141,Algo2 w1,0.89,0.004832375115282019
0.0204,Algo2 w2,0.89,0.007031272072427003
0.02092,Algo2 w2 prime,0.89,0.007167122478108785
0.009,Algo1 w1,0.9,0.003125
0.02003,Algo1 w2,0.9,0.007159088169520962
0.02084,Algo1 w2 prime,0.9,0.007456484539310495
0.01387,Algo2 w1,0.9,0.004885912176417091
0.02046,Algo2 w2,0.9,0.007311683800519082
0.02085,Algo2 w2 prime,0.9,0.007464938760160623
0.00895,Algo1 w1,0.901,0.003125
0.01978,Algo1 w2,0.901,0.007188205148621944
0.02047,Algo1 w2 prime,0.901,0.007488515208890791
0.01386,Algo2 w1,0.901,0.004891437633166024
0.02007,Algo2 w2,0.901,0.007341872084696166
0.02048,Algo2 w2 prime,0.901,0.007497040441124514
0.00901,Algo1 w1,0.902,0.003125
0.01993,Algo1 w2,0.902,0.007217736022644102
0.02068,Algo1 w2 prime,0.902,0.0075210066762432335
0.01365,Algo2 w1,0.902,0.004896996098310822
0.02033,Algo2 w2,0.902,0.007372487380005263
0.0207,Algo2 w2 prime,0.902,0.0075296038355321
0.00914,Algo1 w1,0.903,0.003125
0.02018,Algo1 w2,0.903,0.007247690674643915
0.02091,Algo1 w2 prime,0.903,0.007553969986510679
0.01435,Algo2 w1,0.903,0.004902588053438167
0.02055,Algo2 w2,0.903,0.007403539843515078
0.02094,Algo2 w2 prime,0.903,0.007562640007323944
0.0091,Algo1 w1,0.904,0.003125
0.01992,Algo1 w2,0.904,0.007278079324836179
0.02063,Algo1 w2 prime,0.904,0.007587416561878436
0.01392,Algo2 w1,0.904,0.004908213992436829
0.02025,Algo2 w2,0.904,0.007435039977816437
0.02064,Algo2 w2 prime,0.904,0.007596160397943046
0.00897,Algo1 w1,0.905,0.003125
0.01981,Algo1 w2,0.905,0.007308912545643856
0.02054,Algo1 w2 prime,0.905,0.007621358218388793
0.01356,Algo2 w1,0.905,0.004913874421945252
0.02014,Algo2 w2,0.905,0.007466998646409792
0.02055,Algo2 w2 prime,0.905,0.007630176843256493
0.00838,Algo1 w1,0.906,0.003125
0.01916,Algo1 w2,0.906,0.007340201277582106
0.01999,Algo1 w2 prime,0.906,0.0076558071836861
0.01292,Algo2 w1,0.906,0.004919569861820351
0.01949,Algo2 w2,0.906,0.007499427089943512
0.02,Algo2 w2 prime,0.906,0.007664701591320502
0.00872,Algo1 w1,0.907,0.003125
0.0191,Algo1 w2,0.907,0.007371956846031315
0.02,Algo1 w2 prime,0.907,0.0076907761157534536
0.01296,Algo2 w1,0.907,0.004925300845628619
0.01953,Algo2 w2,0.907,0.007532336943360003
0.02006,Algo2 w2 prime,0.907,0.007699747321141218
0.00867,Algo1 w1,0.908,0.003125
0.01956,Algo1 w2,0.908,0.0074041909789631785
0.02036,Algo1 w2 prime,0.908,0.007726278122708547
0.01325,Algo2 w1,0.908,0.004931067921161658
0.01989,Algo2 w2,0.908,0.007565740254010451
0.02037,Algo2 w2 prime,0.908,0.007735327162493714
0.00888,Algo1 w1,0.909,0.003125
0.01986,Algo1 w2,0.909,0.007436915825673505
0.02041,Algo1 w2 prime,0.909,0.00776232678372931
0.01381,Algo2 w1,0.909,0.004936871650975611
0.02006,Algo2 w2,0.909,0.0075996495008036685
0.02045,Algo2 w2 prime,0.909,0.007771454716872404
0.0084,Algo1 w1,0.91,0.003125
0.01884,Algo1 w2,0.91,0.007470143976605779
0.01964,Algo1 w2 prime,0.91,0.00779893617118746
0.01274,Algo2 w1,0.91,0.004942712612958603
0.01928,Algo2 w2,0.91,0.00763407761446026
0.01966,Algo2 w2 prime,0.91,0.007808144079651116
0.00878,Algo1 w1,0.911,0.003125
0.01947,Algo1 w2,0.911,0.00750388848394071
0.02028,Algo1 w2 prime,0.911,0.007836120874050985
0.01345,Algo2 w1,0.911,0.0049485914008584085
0.01989,Algo2 w2,0.911,0.00766903799894301
0.02031,Algo2 w2 prime,0.911,0.007845409863534254
0.00846,Algo1 w1,0.912,0.003125
0.01944,Algo1 w2,0.912,0.007538162885363937
0.0202,Algo1 w2 prime,0.912,0.00787389602277867
0.01314,Algo2 w1,0.912,0.004954508625176979
0.01977,Algo2 w2,0.912,0.007704544554177679
0.02021,Algo2 w2 prime,0.912,0.007883267223393666
0.0081,Algo1 w1,0.913,0.003125
0.01878,Algo1 w2,0.913,0.007572981225303847
0.01951,Algo1 w2 prime,0.913,0.007912277315474612
0.01287,Algo2 w1,0.913,0.0049604649134254025
0.01906,Algo2 w2,0.913,0.0077406117000765875
0.01952,Algo2 w2 prime,0.913,0.007921731882582422
0.00818,Algo1 w1,0.914,0.003125
0.01897,Algo1 w2,0.914,0.007608358081434124
0.01984,Algo1 w2 prime,0.914,0.007951281045846248
0.01238,Algo2 w1,0.914,0.00496646091108277
0.01942,Algo2 w2,0.914,0.007777254402063813
0.01985,Algo2 w2 prime,0.914,0.007960820160838612
0.00859,Algo1 w1,0.915,0.003125
0.01976,Algo1 w2,0.915,0.007644308590790565
0.02064,Algo1 w2 prime,0.915,0.007990924132754063
0.01311,Algo2 w1,0.915,0.004972497282257145
0.02029,Algo2 w2,0.915,0.007814488198131872
0.02065,Algo2 w2 prime,0.915,0.008000549003889726
0.00837,Algo1 w1,0.916,0.003125
0.01919,Algo1 w2,0.916,0.00768084847790742
0.02015,Algo1 w2 prime,0.916,0.00803122415173205
0.01287,Algo2 w1,0.916,0.004978574710451708
0.01963,Algo2 w2,0.916,0.007852329227572922
0.02015,Algo2 w2 prime,0.916,0.008040936014883012
0.00811,Algo1 w1,0.917,0.003125
0.01945,Algo1 w2,0.917,0.007717994084714474
0.02033,Algo1 w2 prime,0.917,0.008072199367847149
0.01292,Algo2 w1,0.917,0.004984693899372006
0.01984,Algo2 w2,0.917,0.007890794261504084
0.02034,Algo2 w2 prime,0.917,0.008081999487777394
0.00869,Algo1 w1,0.918,0.003125
0.02026,Algo1 w2,0.918,0.007755762402326889
0.02102,Algo1 w2 prime,0.918,0.008113868771900297
0.01338,Algo2 w1,0.918,0.004990855573776975
0.0206,Algo2 w2,0.918,0.007929900735322426
0.02103,Algo2 w2 prime,0.918,0.008123758051230183
0.00837,Algo1 w1,0.919,0.003125
0.02005,Algo1 w2,0.919,0.007794171104872103
0.02093,Algo1 w2 prime,0.919,0.00815625211766553
0.01301,Algo2 w1,0.919,0.004997060480376733
0.02051,Algo2 w2,0.919,0.007969666783233666
0.02095,Algo2 w2 prime,0.919,0.008166232269962617
0.00835,Algo1 w1,0.92,0.003125
0.01995,Algo1 w2,0.92,0.007833238585510457
0.02076,Algo1 w2 prime,0.92,0.008199369962180465
0.0132,Algo2 w1,0.92,0.005003309388780271
0.02037,Algo2 w2,0.92,0.008010111275016307
0.02079,Algo2 w2 prime,0.92,0.00820944234382329
0.0081,Algo1 w1,0.921,0.003125
0.01925,Algo1 w2,0.921,0.007872983994820688
0.0203,Algo1 w2 prime,0.921,0.008243243298493935
0.01264,Algo2 w1,0.921,0.005009603092496517
0.0198,Algo2 w2,0.921,0.008051253855194836
0.02033,Algo2 w2 prime,0.921,0.008253409708593219
0.00784,Algo1 w1,0.922,0.003125
0.01923,Algo1 w2,0.922,0.007913427281736997
0.01998,Algo1 w2 prime,0.922,0.008287895238403316
0.01253,Algo2 w1,0.922,0.0050159424099924955
0.01954,Algo2 w2,0.922,0.008093114984809864
0.01999,Algo2 w2 prime,0.922,0.008298156692873397
0.00821,Algo1 w1,0.923,0.003125
0.01967,Algo1 w2,0.923,0.00795458923724121
0.0207,Algo1 w2 prime,0.923,0.008333348610108584
0.01279,Algo2 w1,0.923,0.005022328185812535
0.02017,Algo2 w2,0.923,0.008135715985995417
0.02073,Algo2 w2 prime,0.923,0.008343706566833283
0.00774,Algo1 w1,0.924,0.003125
0.0194,Algo1 w2,0.924,0.007996491541034417
0.02029,Algo1 w2 prime,0.924,0.008379627641211269
0.01247,Algo2 w1,0.924,0.005028761291763121
0.01984,Algo2 w2,0.924,0.008179079089587652
0.0203,Algo2 w2 prime,0.924,0.008390083594272867
0.00773,Algo1 w1,0.925,0.003125
0.01843,Algo1 w2,0.925,0.008039156811430198
0.01927,Algo1 w2 prime,0.925,0.008426757607309794
0.01183,Algo2 w1,0.925,0.005035242628167785
0.0188,Algo2 w2,0.925,0.008223227486013528
0.0193,Algo2 w2 prime,0.925,0.008437313088267782
0.00801,Algo1 w1,0.926,0.003125
0.01947,Algo1 w2,0.926,0.008082608658739412
0.02048,Algo1 w2 prime,0.926,0.008474764891466995
0.01229,Algo2 w1,0.926,0.005041773125197543
0.01988,Algo2 w2,0.926,0.00826818537973638
0.0205,Algo2 w2 prime,0.926,0.008485421470695368
0.00778,Algo1 w1,0.927,0.003125
0.01986,Algo1 w2,0.927,0.008126871742439172
0.02072,Algo1 w2 prime,0.927,0.008523677047880285
0.01266,Algo2 w1,0.927,0.005048353744282301
0.02021,Algo2 w2,0.927,0.008313978047544758
0.02074,Algo2 w2 prime,0.927,0.008534436335966069
0.00827,Algo1 w1,0.928,0.003125
0.01986,Algo1 w2,0.928,0.00817197183302589
0.02067,Algo1 w2 prime,0.928,0.008573522870145265
0.01276,Algo2 w1,0.928,0.005054985479693704
0.02033,Algo2 w2,0.928,0.00836063190103454
0.0207,Algo2 w2 prime,0.928,0.00858438651931908
0.00792,Algo1 w1,0.929,0.003125
0.01998,Algo1 w2,0.929,0.008217935875463012
0.02103,Algo1 w2 prime,0.929,0.008624332464306115
0.01231,Algo2 w1,0.929,0.0050616693598014
0.02051,Algo2 w2,0.929,0.008408174553594832
0.02107,Algo2 w2 prime,0.929,0.00863530217007263
0.0079,Algo1 w1,0.93,0.003125
0.01959,Algo1 w2,0.93,0.008264792063190867
0.02047,Algo1 w2 prime,0.93,0.00867613732762257
0.01227,Algo2 w1,0.93,0.00506840644926889
0.02001,Algo2 w2,0.93,0.008456634892398333
0.02049,Algo2 w2 prime,0.93,0.008687214830267923
0.00757,Algo1 w1,0.931,0.003125
0.01914,Algo1 w2,0.931,0.00831256991174293
0.02022,Algo1 w2 prime,0.931,0.008728970432871538
0.01189,Algo2 w1,0.931,0.00507519785052221
0.01969,Algo2 w2,0.931,0.00850604315570092
0.02024,Algo2 w2 prime,0.931,0.008740157519176645
0.00781,Algo1 w1,0.932,0.003125
0.01933,Algo1 w2,0.932,0.008361300340951141
0.02019,Algo1 w2 prime,0.932,0.008782866319202668
0.01223,Algo2 w1,0.932,0.005082044705753375
0.01975,Algo2 w2,0.932,0.008556430550903079
0.02022,Algo2 w2 prime,0.932,0.008794164797486726
0.0077,Algo1 w1,0.933,0.003125
0.01952,Algo1 w2,0.933,0.008411015762879316
0.02047,Algo1 w2 prime,0.933,0.008837861189932763
0.01196,Algo2 w1,0.933,0.005088948198967949
0.01995,Algo2 w2,0.933,0.008607831198393456
0.02047,Algo2 w2 prime,0.933,0.008849272971659354
0.0078,Algo1 w1,0.934,0.003125
0.02025,Algo1 w2,0.934,0.0084617501766314
0.02115,Algo1 w2 prime,0.934,0.008893993017959852
0.01264,Algo2 w1,0.934,0.0050959095581704274
0.02054,Algo2 w2,0.934,0.008660279455958925
0.0212,Algo2 w2 prime,0.934,0.008905520040303707
0.00772,Algo1 w1,0.935,0.003125
0.01983,Algo1 w2,0.935,0.008513539270682711
0.02087,Algo1 w2 prime,0.935,0.00895130165950954
0.01224,Algo2 w1,0.935,0.00510293005769892
0.02033,Algo2 w2,0.935,0.008713811865057158
0.0209,Algo2 w2 prime,0.935,0.008962957238192995
0.00737,Algo1 w1,0.936,0.003125
0.01963,Algo1 w2,0.936,0.008566420533454192
0.0208,Algo1 w2 prime,0.936,0.009009828977008591
0.01195,Algo2 w1,0.936,0.00511001102072183
0.02018,Algo2 w2,0.936,0.008768466804382605
0.02085,Algo2 w2 prime,0.936,0.009021592510553057
0.00781,Algo1 w1,0.937,0.003125
0.02074,Algo1 w2,0.937,0.008620433372930674
0.02176,Algo1 w2 prime,0.937,0.009069618971969503
0.01298,Algo2 w1,0.937,0.005117153821910464
0.02122,Algo2 w2,0.937,0.008824284611647306
0.02177,Algo2 w2 prime,0.937,0.009081503890765981
0.00777,Algo1 w1,0.9380000000000001,0.003125
0.01971,Algo1 w2,0.9380000000000001,0.008675619246216047
0.02076,Algo1 w2 prime,0.9380000000000001,0.009130717928869155
0.01218,Algo2 w1,0.9380000000000001,0.005124359890303004
0.02027,Algo2 w2,0.9380000000000001,0.008881307715455438
0.02078,Algo2 w2 prime,0.9380000000000001,0.009142726399650452
0.00718,Algo1 w1,0.9390000000000001,0.003125
0.0191,Algo1 w2,0.9390000000000001,0.00873202180002159
0.02019,Algo1 w2 prime,0.9390000000000001,0.009193174571120122
0.01162,Algo2 w1,0.9390000000000001,0.005131630712376846
0.01961,Algo2 w2,0.9390000000000001,0.008939580778281928
0.02022,Algo2 w2 prime,0.9390000000000001,0.009205308823909929
0.00779,Algo1 w1,0.9400000000000001,0.003125
0.0207,Algo1 w2,0.9400000000000001,0.00878968702320183
0.02181,Algo1 w2 prime,0.9400000000000001,0.009257040230360296
0.01228,Algo2 w1,0.9400000000000001,0.005138967835348174
0.02118,Algo2 w2,0.9400000000000001,0.008999150851684503
0.02184,Algo2 w2 prime,0.9400000000000001,0.00926930256107899
0.00715,Algo1 w1,0.9410000000000001,0.003125
0.01963,Algo1 w2,0.9410000000000001,0.008848663412585712
0.02064,Algo1 w2 prime,0.9410000000000001,0.009322369030434697
0.01177,Algo2 w1,0.9410000000000001,0.005146372870719654
0.02008,Algo2 w2,0.9410000000000001,0.00906009075151649
0.0207,Algo2 w2 prime,0.9410000000000001,0.009334763153049506
0.00733,Algo1 w1,0.9420000000000001,0.003125
0.02004,Algo1 w2,0.9420000000000001,0.008909002153503357
0.02112,Algo1 w2 prime,0.9420000000000001,0.009389218087610028
0.01182,Algo2 w1,0.9420000000000001,0.005153847498099461
0.02048,Algo2 w2,0.9420000000000001,0.009122406996229385
0.02116,Algo2 w2 prime,0.9420000000000001,0.009401745124421037
0.00713,Algo1 w1,0.9430000000000001,0.003125
0.01942,Algo1 w2,0.9430000000000001,0.008970757316582553
0.02054,Algo1 w2 prime,0.9430000000000001,0.009457647728751926
0.01186,Algo2 w1,0.9430000000000001,0.005161393469317454
0.01987,Algo2 w2,0.9430000000000001,0.009186153136081933
0.02057,Algo2 w2 prime,0.9430000000000001,0.009470308769742858
0.00748,Algo1 w1,0.9440000000000001,0.003125
0.0194,Algo1 w2,0.9440000000000001,0.009033986072587772
0.02024,Algo1 w2 prime,0.9440000000000001,0.009527721729409034
0.0116,Algo2 w1,0.9440000000000001,0.0051690126128672844
0.0198,Algo2 w2,0.9440000000000001,0.009251435778473477
0.02028,Algo2 w2 prime,0.9440000000000001,0.009540520748021135
0.00733,Algo1 w1,0.9450000000000001,0.003125
0.01924,Algo1 w2,0.9450000000000001,0.00909874892730266
0.02014,Algo1 w2 prime,0.9450000000000001,0.009599507574014102
0.01144,Algo2 w1,0.9450000000000001,0.005176706838706557
0.01967,Algo2 w2,0.9450000000000001,0.00931829298731616
0.02019,Algo2 w2 prime,0.9450000000000001,0.00961244723978559
0.00704,Algo1 w1,0.9460000000000001,0.003125
0.01981,Algo1 w2,0.9460000000000001,0.009165109978720113
0.02095,Algo1 w2 prime,0.9460000000000001,0.009673076740663216
0.01156,Algo2 w1,0.9460000000000001,0.005184478143451177
0.02016,Algo2 w2,0.9460000000000001,0.009386790273891032
0.02097,Algo2 w2 prime,0.9460000000000001,0.009686159807818662
0.00676,Algo1 w1,0.9470000000000001,0.003125
0.01962,Algo1 w2,0.9470000000000001,0.009233137199092587
0.02063,Algo1 w2 prime,0.9470000000000001,0.00974850501330557
0.01126,Algo2 w1,0.9470000000000001,0.005192328616002832
0.02018,Algo2 w2,0.9470000000000001,0.00945699709627718
0.02065,Algo2 w2 prime,0.9470000000000001,0.009761734324502504
0.00644,Algo1 w1,0.9480000000000001,0.003125
0.01883,Algo1 w2,0.9480000000000001,0.009302902744789697
0.01972,Algo1 w2 prime,0.9480000000000001,0.009825872824526493
0.01075,Algo2 w1,0.9480000000000001,0.005200260443658893
0.01935,Algo2 w2,0.9480000000000001,0.009528987174133398
0.01976,Algo2 w2 prime,0.9480000000000001,0.009839251314805047
0.0067,Algo1 w1,0.9490000000000001,0.003125
0.01941,Algo1 w2,0.9490000000000001,0.00937448329721995
0.02039,Algo1 w2 prime,0.9490000000000001,0.009905265632553844
0.01072,Algo2 w1,0.9490000000000001,0.005208275918748925
0.01981,Algo2 w2,0.9490000000000001,0.009602838835002448
0.02042,Algo2 w2 prime,0.9490000000000001,0.009918796333504403
0.0071,Algo1 w1,0.95,0.003125
0.02016,Algo1 w2,0.95,0.009447960438657482
0.02117,Algo1 w2 prime,0.95,0.009986774336631319
0.01153,Algo2 w1,0.95,0.005216377445861993
0.02055,Algo2 w2,0.95,0.009678635395958927
0.0212,Algo2 w2 prime,0.95,0.010000460380790839
0.00659,Algo1 w1,0.9510000000000001,0.003125
0.01904,Algo1 w2,0.9510000000000001,0.009523421067265479
0.02017,Algo1 w2 prime,0.9510000000000001,0.010070495735490268
0.0108,Algo2 w1,0.9510000000000001,0.005224567549725693
0.0195,Algo2 w2,0.9510000000000001,0.009756465584977956
0.02018,Algo2 w2 prime,0.9510000000000001,0.010084340360980812
0.0067,Algo1 w1,0.952,0.003125
0.0194,Algo1 w2,0.952,0.009600958259377013
0.02062,Algo1 w2 prime,0.952,0.010156533058515374
0.01109,Algo2 w1,0.952,0.005232848926516043
0.01998,Algo2 w2,0.952,0.009836424010997604
0.02066,Algo2 w2 prime,0.952,0.010170540294644616
0.0065,Algo1 w1,0.9530000000000001,0.003125
0.01933,Algo1 w2,0.9530000000000001,0.009680670174473046
0.02034,Algo1 w2 prime,0.9530000000000001,0.01024499643131157
0.01082,Algo2 w1,0.9530000000000001,0.0052412242826172335
0.01979,Algo2 w2,0.9530000000000001,0.00991861166472848
0.02036,Algo2 w2 prime,0.9530000000000001,0.010259169068857089
0.00642,Algo1 w1,0.954,0.003125
0.0198,Algo1 w2,0.954,0.009762663014755719
0.02089,Algo1 w2 prime,0.954,0.01033600438290196
0.01084,Algo2 w1,0.954,0.005249696600687763
0.02022,Algo2 w2,0.954,0.010003136516043995
0.02092,Algo2 w2 prime,0.954,0.010350345267345205
0.00625,Algo1 w1,0.9550000000000001,0.003125
0.01894,Algo1 w2,0.9550000000000001,0.009847050066531563
0.01995,Algo1 w2 prime,0.9550000000000001,0.010429681492766732
0.01039,Algo2 w1,0.9550000000000001,0.005258268980657295
0.01939,Algo2 w2,0.9550000000000001,0.010090114135955135
0.01998,Algo2 w2 prime,0.9550000000000001,0.01044419506801091
0.00697,Algo1 w1,0.956,0.003125
0.01964,Algo1 w2,0.956,0.009933952797780574
0.02091,Algo1 w2 prime,0.956,0.010526163603306509
0.01098,Algo2 w1,0.956,0.005266944694746102
0.02012,Algo2 w2,0.956,0.010179668416358194
0.02092,Algo2 w2 prime,0.956,0.010540853714470142
0.00667,Algo1 w1,0.957,0.003125
0.01986,Algo1 w2,0.957,0.010023501643726923
0.021,Algo1 w2 prime,0.957,0.010625595749331952
0.01075,Algo2 w1,0.957,0.005275727201220974
0.02037,Algo2 w2,0.957,0.010271932361221927
0.02102,Algo2 w2 prime,0.957,0.010640466158868619
0.00644,Algo1 w1,0.958,0.003125
0.01987,Algo1 w2,0.958,0.01011583688751095
0.02106,Algo1 w2 prime,0.958,0.010728133858576027
0.01092,Algo2 w1,0.958,0.0052846201595978005
0.0204,Algo2 w2,0.958,0.010367048982620343
0.02108,Algo2 w2 prime,0.958,0.010743188914614251
0.00644,Algo1 w1,0.959,0.003125
0.01975,Algo1 w2,0.959,0.010211109649980855
0.0211,Algo1 w2 prime,0.959,0.010833945839653036
0.01073,Algo2 w1,0.959,0.005293627447481351
0.02039,Algo2 w2,0.959,0.010465172302780046
0.02112,Algo2 w2 prime,0.959,0.010849190055620116
0.00631,Algo1 w1,0.96,0.003125
0.01984,Algo1 w2,0.96,0.010309483005077145
0.02108,Algo1 w2 prime,0.96,0.01094321280713778
0.0107,Algo2 w1,0.96,0.005302753179263141
0.02041,Algo2 w2,0.96,0.010566468483920788
0.02111,Algo2 w2 prime,0.96,0.010958648349107128
0.00626,Algo1 w1,0.961,0.003125
0.02025,Algo1 w2,0.961,0.01041113324023918
0.02152,Algo1 w2 prime,0.961,0.011056130217229768
0.01088,Algo2 w1,0.961,0.005312001726934421
0.02064,Algo2 w2,0.961,0.010671117104628626
0.02156,Algo2 w2 prime,0.961,0.011071766049567739
0.00618,Algo1 w1,0.962,0.003125
0.01952,Algo1 w2,0.962,0.01051625128483893
0.02074,Algo1 w2 prime,0.962,0.011172910420136037
0.00965,Algo2 w1,0.962,0.0053213777433143965
0.01997,Algo2 w2,0.962,0.010779312605952353
0.02078,Algo2 w2 prime,0.962,0.011188749036356783
0.00633,Algo1 w1,0.963,0.003125
0.02009,Algo1 w2,0.963,0.010625044333991378
0.02134,Algo1 w2 prime,0.963,0.011293781038798904
0.01039,Algo2 w1,0.963,0.005330886188045536
0.02057,Algo2 w2,0.963,0.010891265934789863
0.02137,Algo2 w2 prime,0.963,0.011309828538720323
0.00603,Algo1 w1,0.964,0.003125
0.02037,Algo1 w2,0.964,0.010737737700387044
0.02159,Algo1 w2 prime,0.964,0.011418997872972693
0.0102,Algo2 w1,0.964,0.005340532356769342
0.0209,Algo2 w2,0.964,0.011007206417459052
0.0216,Algo2 w2 prime,0.964,0.01143525609995973
0.00598,Algo1 w1,0.965,0.003125
0.02083,Algo1 w2,0.965,0.010854576933350853
0.02207,Algo1 w2 prime,0.965,0.011548825810662442
0.01009,Algo2 w1,0.965,0.005350321913975756
0.02132,Algo2 w2,0.965,0.011127383902896911
0.02209,Algo2 w2 prime,0.965,0.011565303166342765
0.00574,Algo1 w1,0.966,0.003125
0.02086,Algo1 w2,0.966,0.010975830252201925
0.02216,Algo1 w2 prime,0.966,0.011683565689469155
0.01026,Algo2 w1,0.966,0.005360260930097669
0.0213,Algo2 w2,0.966,0.011252071222989296
0.0222,Algo2 w2 prime,0.966,0.011700266921602163
0.006,Algo1 w1,0.967,0.003125
0.02076,Algo1 w2,0.967,0.011101791351197692
0.02184,Algo1 w2 prime,0.967,0.011823541644115424
0.0101,Algo2 w1,0.967,0.005370355923555845
0.02117,Algo2 w2,0.967,0.0113815670275403
0.02186,Algo2 w2 prime,0.967,0.011840472558599923
0.0063,Algo1 w1,0.968,0.003125
0.02154,Algo1 w2,0.968,0.011232782645506232
0.02257,Algo1 w2 prime,0.968,0.011969110181844666
0.01074,Algo2 w1,0.968,0.005380613908575288
0.02194,Algo2 w2,0.968,0.01151619906533063
0.02258,Algo2 w2 prime,0.968,0.011986276816241254
0.00598,Algo1 w1,0.969,0.003125
0.02051,Algo1 w2,0.969,0.011369159043385835
0.0218,Algo1 w2 prime,0.969,0.012120663452124604
0.01014,Algo2 w1,0.969,0.005391042449777208
0.02102,Algo2 w2,0.969,0.011656327988097124
0.02182,Algo2 w2 prime,0.969,0.012138072086536297
0.00588,Algo1 w1,0.97,0.003125
0.02054,Algo1 w2,0.97,0.01151131234938725
0.02195,Algo1 w2 prime,0.97,0.012278634037514844
0.00996,Algo2 w1,0.97,0.00540164972475794
0.02115,Algo2 w2,0.97,0.011802351804617807
0.02197,Algo2 w2 prime,0.97,0.012296291203011305
0.00606,Algo1 w1,0.971,0.003125
0.02081,Algo1 w2,0.971,0.011659676428446274
0.02216,Algo1 w2 prime,0.971,0.012443500559968387
0.01017,Algo2 w1,0.971,0.005412444596131787
0.021329999999999998,Algo2 w2,0.971,0.011954711086540525
0.02216,Algo2 w2 prime,0.971,0.01246141304800356
0.00535,Algo1 w1,0.972,0.003125
0.02089,Algo1 w2,0.972,0.011814733292828316
0.02231,Algo1 w2 prime,0.972,0.012615794282392474
0.00973,Algo2 w1,0.972,0.005423436694848808
0.02142,Algo2 w2,0.972,0.012113895110131
0.02238,Algo2 w2 prime,0.972,0.012633969153018901
0.00568,Algo1 w1,0.973,0.003125
0.02096,Algo1 w2,0.973,0.011977020315340165
0.02241,Algo1 w2 prime,0.973,0.01279610691962077
0.00961,Algo2 w1,0.973,0.0054346365170231704
0.02149,Algo2 w2,0.973,0.01228044912963342
0.02243,Algo2 w2 prime,0.973,0.012814551516088457
0.00579,Algo1 w1,0.974,0.003125
0.02083,Algo1 w2,0.974,0.01214713882620815
0.02235,Algo1 w2 prime,0.974,0.012985099933149127
0.00981,Algo2 w1,0.974,0.005446055537051235
0.02148,Algo2 w2,0.974,0.012454983041974326
0.02238,Algo2 w2 prime,0.974,0.013003821863887663
0.00514,Algo1 w1,0.975,0.003125
0.0206,Algo1 w2,0.975,0.01232576442195998
0.02213,Algo1 w2 prime,0.975,0.013183515666640326
0.00909,Algo2 w1,0.975,0.0054577063405007765
0.02115,Algo2 w2,0.975,0.012638181772155548
0.02214,Algo2 w2 prime,0.975,0.01320251572401869
0.00607,Algo1 w1,0.976,0.003125
0.02155,Algo1 w2,0.976,0.012513659408749732
0.02299,Algo1 w2 prime,0.976,0.01339219072022138
0.01036,Algo2 w1,0.976,0.005469602781167935
0.02211,Algo2 w2,0.976,0.012830817802872615
0.02301,Algo2 w2 prime,0.976,0.013411491286111974
0.0053,Algo1 w1,0.977,0.003125
0.02056,Algo1 w2,0.977,0.012711687928683383
0.02197,Algo1 w2 prime,0.977,0.013612072267101025
0.00915,Algo2 w1,0.977,0.005481760167903093
0.02101,Algo2 w2,0.977,0.013033766398050825
0.02201,Algo2 w2 prime,0.977,0.013631674694743592
0.00546,Algo1 w1,0.978,0.003125
0.02076,Algo1 w2,0.978,0.012920834488598702
0.02214,Algo1 w2 prime,0.978,0.013844237907559636
0.0092,Algo2 w1,0.978,0.00549419548840927
0.02119,Algo2 w2,0.978,0.013248024240866092
0.02215,Algo2 w2 prime,0.978,0.013864150903532988
0.00484,Algo1 w1,0.979,0.003125
0.02115,Algo1 w2,0.979,0.013142226845095821
0.02282,Algo1 w2 prime,0.979,0.01408992018619051
0.00883,Algo2 w1,0.979,0.005506927679372377
0.02162,Algo2 w2,0.979,0.013474734531108116
0.02285,Algo2 w2 prime,0.979,0.014110152813127901
0.0056,Algo1 w1,0.98,0.003125
0.02208,Algo1 w2,0.98,0.013377164525123511
0.02369,Algo1 w2 prime,0.98,0.014350537065555998
0.00945,Algo2 w1,0.98,0.005519977955219189
0.02265,Algo2 w2,0.98,0.013715207361683062
0.0237,Algo2 w2 prime,0.98,0.014371098325078224
0.00515,Algo1 w1,0.981,0.003125
0.02055,Algo1 w2,0.981,0.013627154719940606
0.0223,Algo1 w2 prime,0.981,0.01462773018631973
0.00881,Algo2 w1,0.981,0.0055333702118528115
0.02116,Algo2 w2,0.981,0.013970968066674763
0.02234,Algo2 w2 prime,0.981,0.014648629320021214
0.00528,Algo1 w1,0.982,0.003125
0.02251,Algo1 w2,0.982,0.013893957946074204
0.02413,Algo1 w2 prime,0.982,0.01492341340263842
0.0095,Algo2 w1,0.982,0.00554713152739466
0.02291,Algo2 w2,0.982,0.014243794911297807
0.02417,Algo2 w2 prime,0.982,0.014944659677313421
0.00513,Algo1 w1,0.983,0.003125
0.02242,Algo1 w2,0.983,0.014179646820697705
0.02395,Algo1 w2 prime,0.983,0.015239835080852955
0.00906,Algo2 w1,0.983,0.005561292790047116
0.02302,Algo2 w2,0.983,0.014535780048546621
0.024,Algo2 w2 prime,0.983,0.015261437650079542
0.00507,Algo1 w1,0.984,0.003125
0.02194,Algo1 w2,0.984,0.014486682712270438
0.02361,Algo1 w2 prime,0.984,0.015579659095312205
0.00862,Algo2 w1,0.984,0.005575889494927063
0.02244,Algo2 w2,0.984,0.014849406330697956
0.0237,Algo2 w2 prime,0.984,0.015601626796412109
0.00483,Algo1 w1,0.985,0.003125
0.02182,Algo1 w2,0.985,0.014818017160158929
0.02341,Algo1 w2 prime,0.985,0.015946071629783787
0.00835,Algo2 w1,0.985,0.005590962768874587
0.02231,Algo2 w2,0.985,0.015187648867213344
0.02347,Algo2 w2 prime,0.985,0.015968412694926507
0.00505,Algo1 w1,0.986,0.003125
0.02263,Algo1 w2,0.986,0.015177228272864208
0.02444,Algo1 w2 prime,0.986,0.016342924280218565
0.00868,Algo2 w1,0.986,0.005606560708949721
0.02317,Algo2 w2,0.986,0.0155541114912927
0.02447,Algo2 w2 prime,0.986,0.01636564740139024
0.00462,Algo1 w1,0.987,0.003125
0.02292,Algo1 w2,0.987,0.015568706282303044
0.02464,Algo1 w2 prime,0.987,0.01677493074845889
0.00839,Algo2 w1,0.987,0.005622740109362806
0.02354,Algo2 w2,0.987,0.01595321349916819
0.02468,Algo2 w2 prime,0.987,0.016798038565455163
0.00473,Algo1 w1,0.988,0.003125
0.02313,Algo1 w2,0.988,0.01599791962686666
0.02476,Algo1 w2 prime,0.988,0.017247932641587173
0.00853,Algo2 w1,0.988,0.005639569067242983
0.02366,Algo2 w2,0.988,0.016390450529412695
0.02481,Algo2 w2 prime,0.988,0.017271427783838073
0.00466,Algo1 w1,0.989,0.003125
0.02377,Algo1 w2,0.989,0.016471781947648843
0.02568,Algo1 w2 prime,0.989,0.017769293603304422
0.0085,Algo2 w1,0.989,0.005657130022056058
0.02437,Algo2 w2,0.989,0.016872767869882465
0.02572,Algo2 w2 prime,0.989,0.01779317909385334
0.00419,Algo1 w1,0.99,0.003125
0.02366,Algo1 w2,0.99,0.01699920711023941
0.02552,Algo1 w2 prime,0.99,0.01834846806601114
0.00778,Algo2 w1,0.99,0.005675524676729321
0.02423,Algo2 w2,0.99,0.017409109005508277
0.02554,Algo2 w2 prime,0.99,0.018372735260999577
0.00453,Algo1 w1,0.991,0.003125
0.0243,Algo1 w2,0.991,0.017591945127492344
0.02621,Algo1 w2 prime,0.991,0.018997847310528455
0.00801,Algo2 w1,0.991,0.0056948808855856155
0.0249,Algo2 w2,0.991,0.018011248886537507
0.02625,Algo2 w2 prime,0.991,0.019022480500880682
0.00427,Algo1 w1,0.992,0.003125
0.02516,Algo1 w2,0.992,0.018265904102069682
0.026950000000000002,Algo1 w2 prime,0.992,0.01973411057298286
0.00796,Algo2 w1,0.992,0.005715363173625035
0.02579,Algo2 w2,0.992,0.018695103994417126
0.026950000000000002,Algo2 w2 prime,0.992,0.019759079798988912
0.00394,Algo1 w1,0.993,0.003125
0.02517,Algo1 w2,0.993,0.019043337414583278
0.02709,Algo1 w2 prime,0.993,0.020580428175392972
0.00751,Algo2 w1,0.993,0.005737189414996053
0.02581,Algo2 w2,0.993,0.019482920189421882
0.02715,Algo2 w2 prime,0.993,0.020605684623840048
0.00396,Algo1 w1,0.994,0.003125
0.02676,Algo1 w2,0.994,0.01995667696481995
0.02876,Algo1 w2 prime,0.994,0.021570294138119898
0.00765,Algo2 w1,0.994,0.0057606587626178925
0.02739,Algo2 w2,0.994,0.020407048279319245
0.02882,Algo2 w2 prime,0.994,0.021595743089385305
0.00374,Algo1 w1,0.995,0.003125
0.02671,Algo1 w2,0.995,0.02105576206572741
0.02856,Algo1 w2 prime,0.995,0.022754654860268623
0.0073,Algo2 w1,0.995,0.0057862017784245596
0.02723,Algo2 w2,0.995,0.021517112131649054
0.0286,Algo2 w2 prime,0.995,0.022780147973124346
0.00368,Algo1 w1,0.996,0.003125
0.02728,Algo1 w2,0.996,0.022422861617519947
0.02946,Algo1 w2 prime,0.996,0.024216599995611182
0.007,Algo2 w1,0.996,0.005814479094302143
0.02779,Algo2 w2,0.996,0.022894837434970304
0.02949,Algo2 w2 prime,0.996,0.024241870774504324
0.00371,Algo1 w1,0.997,0.003125
0.02898,Algo1 w2,0.997,0.024208440753359397
0.03145,Algo1 w2 prime,0.997,0.026105685650257827
0.00722,Algo2 w1,0.997,0.005846602478470455
0.02954,Algo2 w2,0.997,0.0246892800515566
0.03146,Algo2 w2 prime,0.997,0.026130237697633278
0.00332,Algo1 w1,0.998,0.003125
0.0306,Algo1 w2,0.998,0.026736024188590713
0.03282,Algo1 w2 prime,0.998,0.028736600277115477
0.0065,Algo2 w1,0.998,0.005884739072230217
0.0311,Algo2 w2,0.998,0.027219797250088166
0.03284,Algo2 w2 prime,0.998,0.02875944748630561
0.00358,Algo1 w1,0.999,0.003125
0.03428,Algo1 w2,0.999,0.030951093681740215
0.0367,Algo1 w2 prime,0.999,0.03299964842881194
0.00665,Algo2 w1,0.999,0.005934482070313357
0.0348,Algo2 w2,0.999,0.03141502255625782
0.03672,Algo2 w2 prime,0.999,0.03301809339220439
